Obs,Cycfail,Strampl
1,1326,0.01495
2,1593,0.01470
3,4414,0.01100
4,5673,0.01190
5,29516,0.00873
6,26,0.01819
7,843,0.00810
8,1016,0.00801
9,3410,0.00600
10,7101,0.00575
11,7356,0.00576
12,7904,0.00580
13,79,0.01212
14,4175,0.00782
15,34676,0.00596
16,114789,0.00600
17,2672,0.00880
18,7532,0.00883
19,30220,0.00676
